PRAGMA foreign_keys=OFF;
BEGIN TRANSACTION;
CREATE TABLE destinations (
        id INTEGER PRIMARY KEY autoincrement,
        location VARCHAR,
        city VARCHAR,
        state VARCHAR,
        country VARCHAR,
        latitude VARCHAR,
        longitude VARCHAR,
        description VARCHAR,
        points_of_interest VARCHAR,
        nearest_metro_area VARCHAR,
        travel_advisory_level VARCHAR(30)
    , distance_tried integer default 5);
INSERT INTO destinations VALUES(1,'New York-Newark-Jersey City, NY-NJ-PA','New York','NY','USA','40.7128','-74.0060','Experience the city that never sleeps! New York, NY is a world-class destination that offers something for everyone. From iconic landmarks like the Statue of Liberty and Central Park to world-renowned museums like the Met and MoMA, the city is steeped in history and culture. Take in the bright lights and bustling energy of Times Square, catch a Broadway show, or explore the trendy neighborhoods of SoHo and Greenwich Village. With unparalleled dining, shopping, and entertainment options, New York City is the ultimate urban adventure. Come and discover why it''s the city that has it all!','[''Statue of Liberty'', ''Central Park'', ''The Metropolitan Museum of Art'', ''Empire State Building'', ''Times Square'']',NULL,NULL,5);
INSERT INTO destinations VALUES(2,'Los Angeles-Long Beach-Anaheim, CA','Los Angeles','CA','USA','34.0522','-118.2437','Experience the ultimate urban getaway in Los Angeles, where sun-kissed beaches meet vibrant city streets. Discover iconic landmarks like the Hollywood Sign, Griffith Observatory, and Universal Studios Hollywood. Indulge in world-class dining, shopping, and nightlife in trendy neighborhoods like Santa Monica, Venice, and Silverlake. Get your dose of art and culture at the Getty Center, LACMA, and Walt Disney Concert Hall. And, of course, soak up the laid-back California vibe on Malibu beaches or hike to breathtaking views in Runyon Canyon. LA has something for everyone – come and create your own unforgettable adventure!','[''Universal Studios Hollywood'', '' Griffith Observatory'', '' Getty Center'', '' Santa Monica Pier'', '' Walk of Fame'']',NULL,NULL,5);
INSERT INTO destinations VALUES(3,'Chicago-Naperville-Elgin, IL-IN-WI','Chicago','IL','USA','41.8781','-87.6298','Experience the vibrant energy of Chicago, where stunning architecture meets world-class culture and entertainment. Stroll along Lake Michigan''s shores, take in the breathtaking views of the city skyline, and explore iconic landmarks like Willis Tower and Navy Pier. Discover world-renowned museums like the Art Institute of Chicago and Field Museum, and indulge in the city''s famous deep-dish pizza and craft beer scene. From Wrigley Field to Millennium Park, Chicago''s neighborhoods are bursting with character and charm. Come for the attractions, stay for the Midwestern hospitality – Chicago is the ultimate urban getaway.','[''Willis Tower (formerly Sears Tower)'', ''Millennium Park'', ''Navy Pier'', ''The Art Institute of Chicago'', ''Wrigley Field'']',NULL,NULL,25);
INSERT INTO destinations VALUES(4,'Houston-The Woodlands-Sugar Land, TX','Houston','TX','USA','29.7633','-95.3632',NULL,NULL,NULL,NULL,5);
INSERT INTO destinations VALUES(5,'Phoenix-Mesa-Scottsdale, AZ','Phoenix','AZ','USA','33.4484','-112.0739',NULL,NULL,NULL,NULL,5);
INSERT INTO destinations VALUES(6,'Philadelphia-Camden-Wilmington, PA-NJ-DE-MD','Philadelphia','PA','USA','39.9523','-75.1631',NULL,NULL,NULL,NULL,5);
INSERT INTO destinations VALUES(7,'San Antonio-New Braunfels, TX','San Antonio','TX','USA','29.4241','-98.4936',NULL,NULL,NULL,NULL,5);
INSERT INTO destinations VALUES(8,'San Diego-Carlsbad, CA','San Diego','CA','USA','32.7157','-117.1611',NULL,NULL,NULL,NULL,5);
INSERT INTO destinations VALUES(9,'Dallas-Fort Worth-Arlington, TX','Dallas','TX','USA','32.7767','-96.7969',NULL,NULL,NULL,NULL,5);
INSERT INTO destinations VALUES(10,'San Jose-Sunnyvale-Santa Clara, CA','San Jose','CA','USA','37.3382','-121.8863',NULL,NULL,NULL,NULL,5);
INSERT INTO destinations VALUES(11,'Austin-Round Rock-Georgetown, TX','Austin','TX','USA','30.2671','-97.7437',NULL,NULL,NULL,NULL,5);
INSERT INTO destinations VALUES(12,'Jacksonville, FL','Jacksonville','FL','USA','30.3321','-81.6557',NULL,NULL,NULL,NULL,5);
INSERT INTO destinations VALUES(13,'San Francisco-Oakland-Hayward, CA','San Francisco','CA','USA','37.7749','-122.4194',NULL,NULL,NULL,NULL,5);
INSERT INTO destinations VALUES(14,'Indianapolis-Carmel-Anderson, IN','Indianapolis','IN','USA','39.7684','-86.1580',NULL,NULL,NULL,NULL,5);
INSERT INTO destinations VALUES(15,'Columbus, OH','Columbus','OH','USA','39.9611','-82.9988',NULL,NULL,NULL,NULL,5);
INSERT INTO destinations VALUES(16,'Fort Worth-Arlington, TX','Fort Worth','TX','USA','32.7555','-97.3308',NULL,NULL,NULL,NULL,5);
INSERT INTO destinations VALUES(17,'Charlotte-Concord-Gastonia, NC-SC','Charlotte','NC','USA','35.2240','-80.8431',NULL,NULL,NULL,NULL,5);
INSERT INTO destinations VALUES(18,'Memphis, TN-MS-AR','Memphis','TN','USA','35.1495','-90.0488',NULL,NULL,NULL,NULL,5);
INSERT INTO destinations VALUES(19,'Boston-Cambridge-Nashua, MA-NH','Boston','MA','USA','42.3601','-71.0589',NULL,NULL,NULL,NULL,5);
INSERT INTO destinations VALUES(20,'Baltimore-Columbia-Towson, MD','Baltimore','MD','USA','39.2905','-76.6122',NULL,NULL,NULL,NULL,5);
INSERT INTO destinations VALUES(21,'Detroit-Warren-Dearborn, MI','Detroit','MI','USA','42.3314','-83.0458',NULL,NULL,NULL,NULL,5);
INSERT INTO destinations VALUES(22,'El Paso, TX','El Paso','TX','USA','31.7587','-106.4623',NULL,NULL,NULL,NULL,5);
INSERT INTO destinations VALUES(23,'Seattle-Tacoma-Bellevue, WA','Seattle','WA','USA','47.6062','-122.3321',NULL,NULL,NULL,NULL,5);
INSERT INTO destinations VALUES(24,'Denver-Aurora-Lakewood, CO','Denver','CO','USA','39.7392','-104.9903',NULL,NULL,NULL,NULL,5);
INSERT INTO destinations VALUES(25,'Milwaukee-Waukesha-West Allis, WI','Milwaukee','WI','USA','43.0389','-87.9065',NULL,NULL,NULL,NULL,5);
INSERT INTO destinations VALUES(26,'Portland-Vancouver-Hillsboro, OR-WA','Portland','OR','USA','45.5231','-122.6750',NULL,NULL,NULL,NULL,5);
INSERT INTO destinations VALUES(27,'Oklahoma City, OK','Oklahoma City','OK','USA','35.4676','-97.5164',NULL,NULL,NULL,NULL,5);
INSERT INTO destinations VALUES(28,'Nashville-Davidson--Murfreesboro--Franklin, TN','Nashville','TN','USA','36.1627','-86.7816',NULL,NULL,NULL,NULL,5);
INSERT INTO destinations VALUES(29,'Washington-Arlington-Alexandria, DC-VA-MD','Washington DC','','USA','38.8951','-77.0367',NULL,NULL,NULL,NULL,5);
INSERT INTO destinations VALUES(30,'Kansas City, MO-KS','Kansas City','MO','USA','39.0997','-94.5786',NULL,NULL,NULL,NULL,5);
INSERT INTO destinations VALUES(31,'St. Louis, MO-IL','St. Louis','MO','USA','38.6270','-90.1994',NULL,NULL,NULL,NULL,5);
INSERT INTO destinations VALUES(32,'Raleigh, NC','Raleigh','NC','USA','35.7796','-78.6382',NULL,NULL,NULL,NULL,5);
INSERT INTO destinations VALUES(33,'Cleveland-Elyria, OH','Cleveland','OH','USA','41.4995','-81.6954',NULL,NULL,NULL,NULL,5);
INSERT INTO destinations VALUES(34,'Miami-Fort Lauderdale-Pompano Beach, FL','Miami','FL','USA','25.7617','-80.1918',NULL,NULL,NULL,NULL,5);
INSERT INTO destinations VALUES(35,'Oakland-Hayward-Berkeley, CA','Oakland','CA','USA','37.8044','-122.2711',NULL,NULL,NULL,NULL,5);
INSERT INTO destinations VALUES(36,'Minneapolis-St. Paul-Bloomington, MN-WI','Minneapolis','MN','USA','44.9778','-93.2643',NULL,NULL,NULL,NULL,5);
INSERT INTO destinations VALUES(37,'Tulsa, OK','Tulsa','OK','USA','36.1530','-95.9928',NULL,NULL,NULL,NULL,5);
INSERT INTO destinations VALUES(38,'Virginia Beach-Norfolk-Newport News, VA-NC','Virginia Beach','VA','USA','36.8507','-76.0749',NULL,NULL,NULL,NULL,5);
INSERT INTO destinations VALUES(39,'Sacramento-Roseville-Arden-Arcade, CA','Sacramento','CA','USA','38.5816','-121.4944',NULL,NULL,NULL,NULL,5);
INSERT INTO destinations VALUES(40,'Las Vegas-Henderson-Paradise, NV','Las Vegas','NV','USA','36.1697','-115.1398',NULL,NULL,NULL,NULL,5);
INSERT INTO destinations VALUES(41,'Louisville/Jefferson County, KY-IN','Louisville','KY','USA','38.2542','-85.7603',NULL,NULL,NULL,NULL,5);
INSERT INTO destinations VALUES(42,'San Francisco-San Mateo-Redwood City, CA','San Francisco','CA','USA','37.7749','-122.4194',NULL,NULL,NULL,NULL,5);
INSERT INTO destinations VALUES(43,'New Orleans-Metairie, LA','New Orleans','LA','USA','29.9511','-90.0715',NULL,NULL,NULL,NULL,5);
INSERT INTO destinations VALUES(44,'Cincinnati, OH-KY-IN','Cincinnati','OH','USA','39.1031','-84.5120',NULL,NULL,NULL,NULL,5);
INSERT INTO destinations VALUES(45,'Pittsburgh, PA','Pittsburgh','PA','USA','40.4406','-79.9969',NULL,NULL,NULL,NULL,5);
INSERT INTO destinations VALUES(46,'Orlando-Kissimmee-Sanford, FL','Orlando','FL','USA','28.5384','-81.3792',NULL,NULL,NULL,NULL,5);
INSERT INTO destinations VALUES(47,'St. Paul-Minneapolis-Bloomington, MN-WI','Minneapolis','MN','USA','44.9778','-93.2650',NULL,NULL,NULL,NULL,5);
INSERT INTO destinations VALUES(48,'Greenville-Anderson-Mauldin, SC','Greenville','SC','USA','34.8526','-82.3940',NULL,NULL,NULL,NULL,5);
INSERT INTO destinations VALUES(49,'Cleveland-Lorain-Elyria, OH','Cleveland','OH','USA','41.4993','-81.6954',NULL,NULL,NULL,NULL,5);
INSERT INTO destinations VALUES(50,'Tampa-St. Petersburg-Clearwater, FL','Tampa','FL','USA','27.9475','-82.4584',NULL,NULL,NULL,NULL,5);
INSERT INTO destinations VALUES(51,'Anchorage, AK','Anchorage','AK','USA','66.1605','-153.3691',NULL,NULL,NULL,NULL,5);
INSERT INTO destinations VALUES(52,'Honolulu, HI','Honolulu','HI','USA','21.3156','-157.8580',NULL,NULL,NULL,NULL,5);
INSERT INTO destinations VALUES(53,'San Juan, PR','San Juan','PR','USA','18.4663','-66.1057',NULL,NULL,NULL,NULL,5);
INSERT INTO destinations VALUES(54,'Acadia National Park',NULL,'ME','USA','44.35','-68.21',NULL,NULL,'Boston-Cambridge-Nashua, MA-NH',NULL,5);
INSERT INTO destinations VALUES(55,'Asheville',NULL,'NC','USA','35.59','-82.55',NULL,NULL,'Greenville-Anderson-Mauldin, SC',NULL,5);
INSERT INTO destinations VALUES(56,'Bar Harbor',NULL,'ME','USA','44.39','-68.20',NULL,NULL,'Boston-Cambridge-Nashua, MA-NH',NULL,5);
INSERT INTO destinations VALUES(57,'Bend',NULL,'OR','USA','44.06','-121.31',NULL,NULL,'Portland-Vancouver-Hillsboro, OR-WA',NULL,5);
INSERT INTO destinations VALUES(58,'Big Sur',NULL,'CA','USA','36.22','-121.67',NULL,NULL,'San Jose-Sunnyvale-Santa Clara, CA',NULL,5);
INSERT INTO destinations VALUES(59,'Branson',NULL,'MO','USA','36.6439','-93.2183',NULL,NULL,'Tulsa, OK',NULL,5);
INSERT INTO destinations VALUES(60,'Breckenridge',NULL,'CO','USA','39.4822','-106.0382',NULL,NULL,'Denver-Aurora-Lakewood, CO',NULL,5);
INSERT INTO destinations VALUES(61,'Cape Cod',NULL,'MA','USA','41.9333','-70.0167',NULL,NULL,'Boston-Cambridge-Nashua, MA-NH',NULL,5);
INSERT INTO destinations VALUES(62,'Charleston',NULL,'SC','USA','32.7857','-79.9339',NULL,NULL,'Charlotte-Concord-Gastonia, NC-SC',NULL,5);
INSERT INTO destinations VALUES(63,'Cooperstown',NULL,'NY','USA','42.6978','-74.9239',NULL,NULL,'New York-Newark-Jersey City, NY-NJ-PA',NULL,5);
INSERT INTO destinations VALUES(64,'Custer State Park',NULL,'SD','USA','43.75','-103.43',NULL,NULL,'Denver-Aurora-Lakewood, CO',NULL,5);
INSERT INTO destinations VALUES(65,'Durango',NULL,'CO','USA','37.28','-107.88',NULL,NULL,'Denver-Aurora-Lakewood, CO',NULL,5);
INSERT INTO destinations VALUES(66,'Gatlinburg',NULL,'TN','USA','35.71','-83.52',NULL,NULL,'Greenville-Anderson-Mauldin, SC',NULL,5);
INSERT INTO destinations VALUES(67,'Glacier National Park',NULL,'MT','USA','48.77','-113.67',NULL,NULL,'Seattle-Tacoma-Bellevue, WA',NULL,5);
INSERT INTO destinations VALUES(68,'Glenwood Springs',NULL,'CO','USA','39.55','-107.32',NULL,NULL,'Denver-Aurora-Lakewood, CO',NULL,5);
INSERT INTO destinations VALUES(69,'Grand Canyon',NULL,'AZ','USA','36.0544','-112.1401',NULL,NULL,'Las Vegas-Henderson-Paradise, NV',NULL,5);
INSERT INTO destinations VALUES(70,'Great Smoky Mountains National Park',NULL,'TN','USA','35.6184','-83.5302',NULL,NULL,'Greenville-Anderson-Mauldin, SC',NULL,5);
INSERT INTO destinations VALUES(71,'Jackson Hole',NULL,'WY','USA','43.5825','-110.8219',NULL,NULL,'Denver-Aurora-Lakewood, CO',NULL,5);
INSERT INTO destinations VALUES(72,'Kauai',NULL,'HI','USA','22.0827','-159.4983',NULL,NULL,'Honolulu, HI',NULL,5);
INSERT INTO destinations VALUES(73,'Key West',NULL,'FL','USA','24.5551','-81.7801',NULL,NULL,'Miami-Fort Lauderdale-Pompano Beach, FL',NULL,5);
INSERT INTO destinations VALUES(74,'Lake Tahoe',NULL,'CA','USA','39.0942','-120.0424',NULL,NULL,'Sacramento-Roseville-Arden-Arcade, CA',NULL,5);
INSERT INTO destinations VALUES(75,'Mackinac Island',NULL,'MI','USA','45.8497','-84.6278',NULL,NULL,'Milwaukee-Waukesha-West Allis, WI',NULL,5);
INSERT INTO destinations VALUES(76,'Maui',NULL,'HI','USA','20.7984','-156.3314',NULL,NULL,'Honolulu, HI',NULL,5);
INSERT INTO destinations VALUES(77,'Mount Rushmore',NULL,'SD','USA','43.8794','-103.4597',NULL,NULL,'Denver-Aurora-Lakewood, CO',NULL,5);
INSERT INTO destinations VALUES(78,'Myrtle Beach',NULL,'SC','USA','33.6926','-78.8867',NULL,NULL,'Raleigh, NC',NULL,5);
INSERT INTO destinations VALUES(79,'Napa Valley',NULL,'CA','USA','38.2977','-122.2864',NULL,NULL,'Oakland-Hayward-Berkeley, CA',NULL,5);
INSERT INTO destinations VALUES(80,'Olympic National Park',NULL,'WA','USA','47.5714','-123.4431',NULL,NULL,'Seattle-Tacoma-Bellevue, WA',NULL,5);
INSERT INTO destinations VALUES(81,'Palm Springs',NULL,'CA','USA','33.8303','-116.5453',NULL,NULL,'San Diego-Carlsbad, CA',NULL,5);
INSERT INTO destinations VALUES(82,'Santa Fe',NULL,'NM','USA','35.6869','-105.9378',NULL,NULL,'El Paso, TX',NULL,5);
INSERT INTO destinations VALUES(83,'Savannah',NULL,'GA','USA','32.0835','-81.0998',NULL,NULL,'Jacksonville, FL',NULL,5);
INSERT INTO destinations VALUES(84,'Sedona',NULL,'AZ','USA','34.8697','-111.7603',NULL,NULL,'Phoenix-Mesa-Scottsdale, AZ',NULL,5);
INSERT INTO destinations VALUES(85,'St. Augustine',NULL,'FL','USA','29.8942','-81.3145',NULL,NULL,'Jacksonville, FL',NULL,5);
INSERT INTO destinations VALUES(86,'Telluride',NULL,'CO','USA','37.9375','-107.8206',NULL,NULL,'Denver-Aurora-Lakewood, CO',NULL,5);
INSERT INTO destinations VALUES(87,'Williamsburg',NULL,'VA','USA','37.2707','-76.7074',NULL,NULL,'Virginia Beach-Norfolk-Newport News, VA-NC',NULL,5);
INSERT INTO destinations VALUES(88,'Yellowstone National Park',NULL,'WY','USA','44.4275','-110.5885',NULL,NULL,'Denver-Aurora-Lakewood, CO',NULL,5);
INSERT INTO destinations VALUES(89,'Yosemite National Park',NULL,'CA','USA','37.7447','-119.5882',NULL,NULL,'Sacramento-Roseville-Arden-Arcade, CA',NULL,5);
INSERT INTO destinations VALUES(90,'Zion National Park',NULL,'UT','USA','37.2986','-113.0267',NULL,NULL,'Las Vegas-Henderson-Paradise, NV',NULL,5);
INSERT INTO destinations VALUES(91,'Amsterdam',NULL,NULL,'Netherlands','52.3702','4.8903',NULL,NULL,NULL,'Exercise Normal Precautions',5);
INSERT INTO destinations VALUES(92,'Aruba Island',NULL,NULL,'Aruba','12.5079','-70.0353',NULL,NULL,NULL,'Exercise Normal Precautions',5);
INSERT INTO destinations VALUES(93,'Athens',NULL,NULL,'Greece','37.9838','23.7275',NULL,NULL,NULL,'Exercise Normal Precautions',5);
INSERT INTO destinations VALUES(94,'Auckland',NULL,NULL,'New Zealand','-36.8485','174.7633',NULL,NULL,NULL,'Exercise Normal Precautions',5);
INSERT INTO destinations VALUES(95,'Bali',NULL,NULL,'Indonesia','-8.4095','115.1889',NULL,NULL,NULL,'Exercise Increased Precautions',5);
INSERT INTO destinations VALUES(96,'Bangkok',NULL,NULL,'Thailand','13.7563','100.5018',NULL,NULL,NULL,'Exercise Normal Precautions',5);
INSERT INTO destinations VALUES(97,'Barcelona',NULL,NULL,'Spain','41.3851','2.1734',NULL,NULL,NULL,'Exercise Normal Precautions',5);
INSERT INTO destinations VALUES(98,'Beijing',NULL,NULL,'China','39.9042','116.3974',NULL,NULL,NULL,'Exercise Increased Precautions',5);
INSERT INTO destinations VALUES(99,'Berlin',NULL,NULL,'Germany','52.5200','13.4050',NULL,NULL,NULL,'Exercise Normal Precautions',5);
INSERT INTO destinations VALUES(100,'Bogota',NULL,NULL,'Colombia','4.6097','-74.0817',NULL,NULL,NULL,'Reconsider Travel',5);
INSERT INTO destinations VALUES(101,'Buenos Aires',NULL,NULL,'Argentina','-34.6037','-58.3816',NULL,NULL,NULL,'Exercise Normal Precautions',5);
INSERT INTO destinations VALUES(102,'Cabo San Lucas',NULL,NULL,'Mexico','22.8869','-109.4253',NULL,NULL,NULL,'Exercise Increased Precautions',5);
INSERT INTO destinations VALUES(103,'Cairo',NULL,NULL,'Egypt','30.0522','31.2497',NULL,NULL,NULL,'Reconsider Travel',5);
INSERT INTO destinations VALUES(104,'Cancun',NULL,NULL,'Mexico','21.1743','-86.8466',NULL,NULL,NULL,'Exercise Increased Precautions',5);
INSERT INTO destinations VALUES(105,'Cape Town',NULL,NULL,'South Africa','-33.9249','18.4241',NULL,NULL,NULL,'Exercise Normal Precautions',5);
INSERT INTO destinations VALUES(106,'Casablanca',NULL,NULL,'Morocco','33.5928','-7.9222',NULL,NULL,NULL,'Exercise Normal Precautions',5);
INSERT INTO destinations VALUES(107,'Copenhagen',NULL,NULL,'Denmark','55.6763','12.5681',NULL,NULL,NULL,'Exercise Normal Precautions',5);
INSERT INTO destinations VALUES(108,'Delhi',NULL,NULL,'India','28.6139','77.2090',NULL,NULL,NULL,'Exercise Increased Precautions',5);
INSERT INTO destinations VALUES(109,'Dubai',NULL,NULL,'United Arab Emirates','25.0657','55.1713',NULL,NULL,NULL,'Exercise Normal Precautions',5);
INSERT INTO destinations VALUES(110,'Dublin',NULL,NULL,'Ireland','53.3441','-6.2672',NULL,NULL,NULL,'Exercise Normal Precautions',5);
INSERT INTO destinations VALUES(111,'Dubrovnik',NULL,NULL,'Croatia','42.6481','18.0921',NULL,NULL,NULL,'Exercise Normal Precautions',5);
INSERT INTO destinations VALUES(112,'Edinburgh',NULL,NULL,'Scotland','55.9533','-3.1883',NULL,NULL,NULL,'Exercise Normal Precautions',5);
INSERT INTO destinations VALUES(113,'George Town',NULL,NULL,'Cayman Islands','19.2937','-81.3865',NULL,NULL,NULL,'Exercise Normal Precautions',5);
INSERT INTO destinations VALUES(114,'Hanoi',NULL,NULL,'Vietnam','21.0278','105.8342',NULL,NULL,NULL,'Exercise Increased Precautions',5);
INSERT INTO destinations VALUES(115,'Helsinki',NULL,NULL,'Finland','60.1699','24.9384',NULL,NULL,NULL,'Exercise Normal Precautions',5);
INSERT INTO destinations VALUES(116,'Ho Chi Minh City',NULL,NULL,'Vietnam','10.7626','106.6747',NULL,NULL,NULL,'Exercise Normal Precautions',5);
INSERT INTO destinations VALUES(117,'Hong Kong',NULL,NULL,'China','22.3964','114.1095',NULL,NULL,NULL,'Exercise Increased Precautions',5);
INSERT INTO destinations VALUES(118,'Istanbul',NULL,NULL,'Turkey','41.0082','28.9744',NULL,NULL,NULL,'Exercise Increased Precautions',5);
INSERT INTO destinations VALUES(119,'Jerusalem',NULL,NULL,'Israel','31.7833','35.2167',NULL,NULL,NULL,'Reconsider Travel',5);
INSERT INTO destinations VALUES(120,'Kuala Lumpur',NULL,NULL,'Malaysia','3.1390','101.6869',NULL,NULL,NULL,'Exercise Normal Precautions',5);
INSERT INTO destinations VALUES(121,'Lima',NULL,NULL,'Peru','-12.0464','-77.0428',NULL,NULL,NULL,'Exercise Normal Precautions',5);
INSERT INTO destinations VALUES(122,'Lisbon',NULL,NULL,'Portugal','38.7223','-9.1393',NULL,NULL,NULL,'Exercise Normal Precautions',5);
INSERT INTO destinations VALUES(123,'London',NULL,NULL,'England','51.5074','-0.1278',NULL,NULL,NULL,'Exercise Normal Precautions',5);
INSERT INTO destinations VALUES(124,'Macau',NULL,NULL,'China','22.1667','113.5500',NULL,NULL,NULL,'Exercise Normal Precautions',5);
INSERT INTO destinations VALUES(125,'Madrid',NULL,NULL,'Spain','40.4168','-3.7033',NULL,NULL,NULL,'Exercise Normal Precautions',5);
INSERT INTO destinations VALUES(126,'Manila',NULL,NULL,'Philippines','14.5995','121.0817',NULL,NULL,NULL,'Exercise Normal Precautions',5);
INSERT INTO destinations VALUES(127,'Marrakech',NULL,NULL,'Morocco','31.6295','-7.9811',NULL,NULL,NULL,'Exercise Increased Precautions',5);
INSERT INTO destinations VALUES(128,'Mexico City',NULL,NULL,'Mexico','19.4326','-99.1332',NULL,NULL,NULL,'Reconsider Travel',5);
INSERT INTO destinations VALUES(129,'Montego Bay',NULL,NULL,'Jamaica','18.5093','-77.8947',NULL,NULL,NULL,'Exercise Normal Precautions',5);
INSERT INTO destinations VALUES(130,'Montreal',NULL,NULL,'Canada','45.5017','-73.5673',NULL,NULL,NULL,'Exercise Normal Precautions',5);
INSERT INTO destinations VALUES(131,'Moscow',NULL,NULL,'Russia','55.7558','37.6173',NULL,NULL,NULL,'Do Not Travel',5);
INSERT INTO destinations VALUES(132,'Mumbai',NULL,NULL,'India','19.0759','72.8777',NULL,NULL,NULL,'Exercise Increased Precautions',5);
INSERT INTO destinations VALUES(133,'Nassau',NULL,NULL,'Bahamas','25.0582','-77.3434',NULL,NULL,NULL,'Exercise Normal Precautions',5);
INSERT INTO destinations VALUES(134,'Oslo',NULL,NULL,'Norway','59.9139','10.7522',NULL,NULL,NULL,'Exercise Normal Precautions',5);
INSERT INTO destinations VALUES(135,'Panama City',NULL,NULL,'Panama','9.0007','-79.5163',NULL,NULL,NULL,'Exercise Normal Precautions',5);
INSERT INTO destinations VALUES(136,'Paris',NULL,NULL,'France','48.8567','2.3522',NULL,NULL,NULL,'Exercise Normal Precautions',5);
INSERT INTO destinations VALUES(137,'Phuket',NULL,NULL,'Thailand','7.8906','98.3923',NULL,NULL,NULL,'Exercise Increased Precautions',5);
INSERT INTO destinations VALUES(138,'Prague',NULL,NULL,'Czech Republic','50.0755','14.4378',NULL,NULL,NULL,'Exercise Normal Precautions',5);
INSERT INTO destinations VALUES(139,'Puerto Vallarta',NULL,NULL,'Mexico','20.6773','-105.2447',NULL,NULL,NULL,'Exercise Increased Precautions',5);
INSERT INTO destinations VALUES(140,'Punta Cana',NULL,NULL,'Dominican Republic','18.5667','-68.4167',NULL,NULL,NULL,'Exercise Increased Precautions',5);
INSERT INTO destinations VALUES(141,'Reykjavik',NULL,NULL,'Iceland','64.1353','-21.8954',NULL,NULL,NULL,'Exercise Normal Precautions',5);
INSERT INTO destinations VALUES(142,'Rio de Janeiro',NULL,NULL,'Brazil','-22.9068','-43.1729',NULL,NULL,NULL,'Exercise Normal Precautions',5);
INSERT INTO destinations VALUES(143,'Rome',NULL,NULL,'Italy','41.8719','12.4964',NULL,NULL,NULL,'Exercise Normal Precautions',5);
INSERT INTO destinations VALUES(144,'San Jose',NULL,NULL,'Costa Rica','9.9281','-84.0907',NULL,NULL,NULL,'Exercise Increased Precautions',5);
INSERT INTO destinations VALUES(145,'San Salvador',NULL,NULL,'El Salvador','13.6892','-89.2012',NULL,NULL,NULL,'Reconsider Travel',5);
INSERT INTO destinations VALUES(146,'Santiago',NULL,NULL,'Chile','-33.4378','-70.6506',NULL,NULL,NULL,'Exercise Normal Precautions',5);
INSERT INTO destinations VALUES(147,'Santorini',NULL,NULL,'Greece','36.3932','25.4597',NULL,NULL,NULL,'Exercise Normal Precautions',5);
INSERT INTO destinations VALUES(148,'Seoul',NULL,NULL,'South Korea','37.5665','126.9778',NULL,NULL,NULL,'Exercise Increased Precautions',5);
INSERT INTO destinations VALUES(149,'Shanghai',NULL,NULL,'China','31.2304','121.4737',NULL,NULL,NULL,'Exercise Increased Precautions',5);
INSERT INTO destinations VALUES(150,'Singapore',NULL,NULL,'Singapore','1.3521','103.8198',NULL,NULL,NULL,'Exercise Normal Precautions',5);
INSERT INTO destinations VALUES(151,'Split',NULL,NULL,'Croatia','43.5065','16.4439',NULL,NULL,NULL,'Exercise Normal Precautions',5);
INSERT INTO destinations VALUES(152,'St. Petersburg',NULL,NULL,'Russia','59.9389','30.3256',NULL,NULL,NULL,'Do Not Travel',5);
INSERT INTO destinations VALUES(153,'Stockholm',NULL,NULL,'Sweden','59.3293','18.0686',NULL,NULL,NULL,'Exercise Normal Precautions',5);
INSERT INTO destinations VALUES(154,'Sydney',NULL,NULL,'Australia','-33.8651','151.2099',NULL,NULL,NULL,'Exercise Normal Precautions',5);
INSERT INTO destinations VALUES(155,'Taipei',NULL,NULL,'Taiwan','25.0478','121.5319',NULL,NULL,NULL,'Exercise Normal Precautions',5);
INSERT INTO destinations VALUES(156,'Tel Aviv',NULL,NULL,'Israel','32.0853','34.7804',NULL,NULL,NULL,'Exercise Increased Precautions',5);
INSERT INTO destinations VALUES(157,'Tokyo',NULL,NULL,'Japan','35.6895','139.7670',NULL,NULL,NULL,'Exercise Normal Precautions',5);
INSERT INTO destinations VALUES(158,'Toronto',NULL,NULL,'Canada','43.6532','-79.3832',NULL,NULL,NULL,'Exercise Normal Precautions',5);
INSERT INTO destinations VALUES(159,'Vancouver',NULL,NULL,'Canada','49.2827','-123.1207',NULL,NULL,NULL,'Exercise Normal Precautions',5);
INSERT INTO destinations VALUES(160,'Vienna',NULL,NULL,'Austria','48.2082','16.3738',NULL,NULL,NULL,'Exercise Normal Precautions',5);
INSERT INTO destinations VALUES(161,'Zurich',NULL,NULL,'Switzerland','47.3769','8.5382',NULL,NULL,NULL,'Exercise Normal Precautions',5);
CREATE TABLE hotels (id integer primary key autoincrement,
name varchar,
address varchar,
distance varchar,
star_rating varchar,
description varchar,
location_id integer,
foreign key (location_id) references locations(id)
);
INSERT INTO hotels VALUES(17,'The Langham Chicago','330 N Wabash Ave, Chicago, IL 60611','0.6','5','Luxurious hotel with elegant rooms, a fitness center, and a world-class spa, located in a historic building along the Chicago River.',3);
INSERT INTO hotels VALUES(18,'Trump International Hotel & Tower Chicago','401 N Wabash Ave, Chicago, IL 60611','0.7','5','Upscale hotel with modern rooms, a rooftop pool, and a Michelin-starred restaurant, located in a sleek skyscraper along the Chicago River.',3);
INSERT INTO hotels VALUES(19,'The Wit Hotel','201 N State St, Chicago, IL 60601','0.8','4','Trendy hotel with chic rooms, a rooftop bar, and a fitness center, located in the heart of the Loop, close to Millennium Park.',3);
INSERT INTO hotels VALUES(20,'Hyatt Centric The Loop Chicago','100 W Monroe St, Chicago, IL 60603','0.9','4','Modern hotel with stylish rooms, a rooftop pool, and a fitness center, located in the Loop, close to Willis Tower and the Chicago River.',3);
INSERT INTO hotels VALUES(21,'Kimpton Hotel Monaco Chicago','225 N Wabash Ave, Chicago, IL 60601','1.0','4','Boutique hotel with elegant rooms, a fitness center, and a complimentary wine hour, located in a historic building in the Loop.',3);
INSERT INTO hotels VALUES(22,'LondonHouse Chicago','85 E Wacker Dr, Chicago, IL 60601','1.1','4','Luxury hotel with modern rooms, a rooftop bar, and a fitness center, located in a historic building along the Chicago River.',3);
INSERT INTO hotels VALUES(23,'Renaissance Chicago Downtown Hotel','1 W Wacker Dr, Chicago, IL 60601','1.2','4','Upscale hotel with modern rooms, a fitness center, and an indoor pool, located in the Loop, close to Millennium Park.',3);
INSERT INTO hotels VALUES(24,'The Westin Chicago River North','320 N Dearborn St, Chicago, IL 60654','1.3','4','Modern hotel with comfortable rooms, a fitness center, and an indoor pool, located in the River North neighborhood, close to the Chicago River.',3);
INSERT INTO hotels VALUES(25,'Hotel EMC2, Autograph Collection','228 E Ontario St, Chicago, IL 60611','1.4','4','Boutique hotel with stylish rooms, a fitness center, and a rooftop lounge, located in the Streeterville neighborhood, close to Navy Pier.',3);
INSERT INTO hotels VALUES(26,'Loews Chicago Hotel','455 N Park Dr, Chicago, IL 60611','1.5','4','Upscale hotel with modern rooms, a fitness center, and an indoor pool, located in the Streeterville neighborhood, close to Navy Pier.',3);
INSERT INTO hotels VALUES(27,'The Ritz-Carlton, Chicago','160 E Pearson St, Chicago, IL 60611','0.6','5','Luxury hotel with elegant rooms, rooftop lounge, and upscale dining options, including a Michelin-starred restaurant.',3);
INSERT INTO hotels VALUES(28,'Four Seasons Hotel Chicago','120 E Delaware Pl, Chicago, IL 60611','0.7','5','Luxury hotel with modern rooms, rooftop pool, and upscale dining options, including a Michelin-starred restaurant.',3);
INSERT INTO hotels VALUES(29,'The Gwen, a Luxury Collection Hotel, Michigan Avenue Chicago','521 N Rush St, Chicago, IL 60611','0.8','4','Upscale hotel with modern rooms, rooftop lounge, and several dining options, including a restaurant and bar.',3);
INSERT INTO hotels VALUES(30,'The Westin Michigan Avenue Chicago','909 N Michigan Ave, Chicago, IL 60611','0.9','4','Upscale hotel with modern rooms, fitness center, and several dining options, including a restaurant and bar.',3);
INSERT INTO hotels VALUES(31,'Kimpton Hotel Allegro','171 W Randolph St, Chicago, IL 60601','1.2','4','Boutique hotel with stylish rooms, fitness center, and several dining options, including a restaurant and bar.',3);
INSERT INTO hotels VALUES(32,'Swissotel Chicago','323 E Wacker Dr, Chicago, IL 60601','1.2','4','Modern hotel with comfortable rooms, fitness center, and rooftop pool, located along the Chicago River.',3);
INSERT INTO hotels VALUES(33,'Hilton Chicago','720 S Michigan Ave, Chicago, IL 60605','1.4','4','Upscale hotel with comfortable rooms, fitness center, and rooftop pool, located in the South Loop neighborhood.',3);
INSERT INTO hotels VALUES(34,'Sheraton Grand Chicago','301 E North Water St, Chicago, IL 60611','1.1','4.5','Upscale hotel with modern rooms, fitness center, and several dining options, located in the Streeterville neighborhood.',3);
INSERT INTO hotels VALUES(35,'Marriott Marquis Chicago','2121 S Prairie Ave, Chicago, IL 60616','1.4','4.5','Modern hotel with stylish rooms, fitness center, and several dining options, located in the South Loop district.',3);
INSERT INTO hotels VALUES(36,'The Peninsula Chicago','108 E Superior St, Chicago, IL 60611','0.8','5','Luxurious hotel with modern rooms, a rooftop pool, and a prime location in the heart of downtown Chicago.',3);
INSERT INTO hotels VALUES(37,'La Quinta Inn & Suites by Wyndham Chicago Downtown','111 E Congress Pkwy, Chicago, IL 60605','1.2','3','Budget-friendly hotel with modern rooms, an indoor pool, and a prime location in the South Loop neighborhood.',3);
INSERT INTO hotels VALUES(38,'Hilton Garden Inn Chicago Downtown Riverwalk','66 E Wacker Pl, Chicago, IL 60601','1.3','3','Modern hotel with comfortable rooms, an indoor pool, and a prime location on the Chicago River.',3);
INSERT INTO hotels VALUES(39,'Hampton Inn Chicago Downtown/N Loop','68 E Randolph St, Chicago, IL 60601','1.3','3','Cozy hotel with modern rooms, fitness center, and free breakfast. Enjoy the nearby attractions like Navy Pier and Millennium Park.',3);
INSERT INTO hotels VALUES(40,'JW Marriott Chicago','151 W Adams St, Chicago, IL 60603','1.0','4.5','Upscale hotel with luxurious rooms, a spa, and a fitness center, located in the Loop.',3);
INSERT INTO hotels VALUES(41,'The Blackstone, Autograph Collection','636 S Michigan Ave, Chicago, IL 60605','1.1','4','Historic hotel with stylish rooms, a fitness center, and a complimentary evening social hour.',3);
INSERT INTO hotels VALUES(42,'Hyatt Regency Chicago','151 E Wacker Dr, Chicago, IL 60601','1.3','4','Large hotel with modern rooms, a fitness center, and a rooftop pool, located near Navy Pier.',3);
INSERT INTO hotels VALUES(43,'Conrad Chicago','101 E Erie St, Chicago, IL 60611','1.1','4.5','Luxury hotel with modern rooms, a fitness center, and a rooftop lounge, located in the heart of the Magnificent Mile.',3);
INSERT INTO hotels VALUES(44,'Fairmont Chicago, Millennium Park','200 N Columbus Dr, Chicago, IL 60601','1.4','4','Luxury hotel with modern rooms, fitness center, and spa, located near Millennium Park.',3);
INSERT INTO hotels VALUES(45,'Warwick Allerton - Chicago','701 N Michigan Ave, Chicago, IL 60611','1.2','4','Historic hotel with elegant rooms, a fitness center, and a restaurant, located on the Magnificent Mile.',3);
INSERT INTO hotels VALUES(46,'Club Quarters Hotel, Central Loop','111 W Adams St, Chicago, IL 60603','1.4','3','Budget-friendly hotel with compact rooms, fitness center, and free breakfast. Explore the nearby Willis Tower.',3);
INSERT INTO hotels VALUES(49,'Omni Chicago Hotel','676 N Michigan Ave, Chicago, IL 60611','0.7','4','Upscale hotel with modern rooms, an indoor pool, and a fitness center, located on the Magnificent Mile.',3);
INSERT INTO hotels VALUES(50,'Hyatt Place Chicago/Downtown-The Loop','28 N Franklin St, Chicago, IL 60606','1.4','3','Contemporary hotel with spacious rooms, a fitness center, and a 24-hour market, located in the Loop.',3);
CREATE TABLE room_rates (id integer primary key autoincrement, room_type varchar, room_description varchar, amenities varchar, winter_rate varchar, summer_rate varchar, cancellation_policy varchar, hotel_id integer, foreign key (hotel_id) references hotels(id));
INSERT INTO room_rates VALUES(1,'Classic Room','Cozy room with king-size bed, marble bathroom, and city views','[''Flat-screen TV'', ''Minibar'', ''Free Wi-Fi'', ''24-hour room service'']','250','350','48 hours prior to arrival',17);
INSERT INTO room_rates VALUES(2,'Deluxe Room','Spacious room with king-size bed, marble bathroom, and city views','[''Flat-screen TV'', ''Minibar'', ''Free Wi-Fi'', ''24-hour room service'', ''Turndown service'']','350','450','48 hours prior to arrival',17);
INSERT INTO room_rates VALUES(3,'Executive Room','Luxurious room with king-size bed, marble bathroom, and city views, plus access to the Executive Lounge','[''Flat-screen TV'', ''Minibar'', ''Free Wi-Fi'', ''24-hour room service'', ''Turndown service'', ''Executive Lounge access'']','500','600','72 hours prior to arrival',17);
INSERT INTO room_rates VALUES(4,'Suite','Spacious suite with separate living room, king-size bed, marble bathroom, and city views','[''Flat-screen TV'', ''Minibar'', ''Free Wi-Fi'', ''24-hour room service'', ''Turndown service'', ''Separate living room'']','800','1000','72 hours prior to arrival',17);
INSERT INTO room_rates VALUES(5,'King Room','Modern room with 1 king bed, 300 sqft, city view','[''Free WiFi'', ''Flat-screen TV'', ''Minibar'', ''Coffee maker'', ''Hairdryer'']','139','219','72 hours',20);
INSERT INTO room_rates VALUES(6,'Double Queen Room','Spacious room with 2 queen beds, 350 sqft, city view','[''Free WiFi'', ''Flat-screen TV'', ''Minibar'', ''Coffee maker'', ''Hairdryer'']','159','249','72 hours',20);
INSERT INTO room_rates VALUES(7,'Deluxe King Room','Upgraded room with 1 king bed, 400 sqft, city view, high floor','[''Free WiFi'', ''Flat-screen TV'', ''Minibar'', ''Coffee maker'', ''Hairdryer'', ''Robes'']','199','309','72 hours',20);
INSERT INTO room_rates VALUES(8,'Suite','Luxurious suite with 1 king bed, 600 sqft, city view, separate living area','[''Free WiFi'', ''Flat-screen TV'', ''Minibar'', ''Coffee maker'', ''Hairdryer'', ''Robes'', ''Free breakfast'']','349','449','72 hours',20);
INSERT INTO room_rates VALUES(9,'King Room','Spacious room with a king-size bed, floor-to-ceiling windows, and stunning city views','[''Free Wi-Fi'', ''Flat-screen TV'', ''Mini-bar'', ''Coffee maker'', ''Hairdryer'', ''Ironing facilities'']','159','229','72 hours prior to arrival',22);
INSERT INTO room_rates VALUES(10,'Double Queen Room','Comfortable room with two queen-size beds, floor-to-ceiling windows, and city views','[''Free Wi-Fi'', ''Flat-screen TV'', ''Mini-bar'', ''Coffee maker'', ''Hairdryer'', ''Ironing facilities'']','179','259','72 hours prior to arrival',22);
INSERT INTO room_rates VALUES(11,'Suite','Luxurious suite with a king-size bed, separate living area, and stunning city views','[''Free Wi-Fi'', ''Flat-screen TV'', ''Mini-bar'', ''Coffee maker'', ''Hairdryer'', ''Ironing facilities'', ''Bathrobes'', ''Slippers'']','299','399','72 hours prior to arrival',22);
INSERT INTO room_rates VALUES(12,'River View Room','Spacious room with a king-size bed, floor-to-ceiling windows, and stunning river views','[''Free Wi-Fi'', ''Flat-screen TV'', ''Mini-bar'', ''Coffee maker'', ''Hairdryer'', ''Ironing facilities'']','199','279','72 hours prior to arrival',22);
INSERT INTO room_rates VALUES(13,'Deluxe Room, 1 King Bed','Our Deluxe Room features a comfortable king-size bed, modern decor, and stunning city views.','[''Free WiFi'', ''Flat-screen TV'', ''Coffee maker'', ''Mini-fridge'']','159','239','Free cancellation up to 24 hours before arrival',35);
INSERT INTO room_rates VALUES(14,'Executive Room, 2 Double Beds','Our Executive Room offers two double beds, a spacious layout, and access to the Executive Lounge with complimentary breakfast and evening appetizers.','[''Free WiFi'', ''Flat-screen TV'', ''Coffee maker'', ''Mini-fridge'', ''Executive Lounge access'']','209','309','Free cancellation up to 24 hours before arrival',35);
INSERT INTO room_rates VALUES(15,'Suite, 1 King Bed, City View','Our Suite features a spacious living area, a king-size bed, and breathtaking city views from the floor-to-ceiling windows.','[''Free WiFi'', ''Flat-screen TV'', ''Coffee maker'', ''Mini-fridge'', ''Separate living area'']','349','449','Free cancellation up to 48 hours before arrival',35);
INSERT INTO room_rates VALUES(16,'Concierge Level Room, 1 King Bed','Our Concierge Level Room offers a king-size bed, upgraded amenities, and personalized concierge service.','[''Free WiFi'', ''Flat-screen TV'', ''Coffee maker'', ''Mini-fridge'', ''Concierge service'', ''Upgraded amenities'']','279','379','Free cancellation up to 24 hours before arrival',35);
INSERT INTO room_rates VALUES(17,'Deluxe Room','Cozy room with 1 king or 2 double beds, 350 sq ft, city view','[''Free Wi-Fi'', ''Flat-screen TV'', ''Minibar'', ''Coffee maker'', ''Work desk'', ''Hair dryer'']','169','249','48 hours',23);
INSERT INTO room_rates VALUES(18,'Executive Room','Spacious room with 1 king bed, 400 sq ft, lake view','[''Free Wi-Fi'', ''Flat-screen TV'', ''Minibar'', ''Coffee maker'', ''Work desk'', ''Hair dryer'', ''Access to Executive Lounge'']','229','329','48 hours',23);
INSERT INTO room_rates VALUES(19,'Suite','Luxurious suite with 1 king bed, 600 sq ft, city view, separate living area','[''Free Wi-Fi'', ''Flat-screen TV'', ''Minibar'', ''Coffee maker'', ''Work desk'', ''Hair dryer'', ''Access to Executive Lounge'', ''Turndown service'']','349','449','72 hours',23);
INSERT INTO room_rates VALUES(20,'Accessible Room','Cozy room with 1 king or 2 double beds, 350 sq ft, city view, accessible features','[''Free Wi-Fi'', ''Flat-screen TV'', ''Minibar'', ''Coffee maker'', ''Work desk'', ''Hair dryer'', ''Roll-in shower'']','149','219','48 hours',23);
INSERT INTO room_rates VALUES(21,'King Room with River View','Spacious room with one king-sized bed, featuring stunning views of the Chicago River','[''Free WiFi'', ''Flat-screen TV'', ''Mini-fridge'', ''Coffee maker'', ''River view'']','149','249','Free cancellation up to 24 hours before arrival',38);
INSERT INTO room_rates VALUES(22,'Queen Room with City View','Cozy room with two queen-sized beds, overlooking the vibrant city of Chicago','[''Free WiFi'', ''Flat-screen TV'', ''Mini-fridge'', ''Coffee maker'', ''City view'']','129','229','Free cancellation up to 24 hours before arrival',38);
INSERT INTO room_rates VALUES(23,'Suite with River View','Luxurious suite with one king-sized bed, separate living area, and breathtaking views of the Chicago River','[''Free WiFi'', ''Flat-screen TV'', ''Mini-fridge'', ''Coffee maker'', ''River view'', ''Separate living area'']','249','399','Free cancellation up to 48 hours before arrival',38);
INSERT INTO room_rates VALUES(24,'Accessible Room with City View','Spacious room with one king-sized bed, designed for accessibility, overlooking the city of Chicago','[''Free WiFi'', ''Flat-screen TV'', ''Mini-fridge'', ''Coffee maker'', ''City view'', ''Accessible features'']','139','239','Free cancellation up to 24 hours before arrival',38);
INSERT INTO room_rates VALUES(25,'Deluxe Room','Spacious room with city or river views, king-size bed, and modern amenities','[''Flat-screen TV'', ''Minibar'', ''Coffee maker'', ''Free Wi-Fi'', ''Bathroom with separate shower and tub'']','189','249','Free cancellation up to 24 hours before arrival',32);
INSERT INTO room_rates VALUES(26,'Executive Room','Upgraded room with access to Executive Lounge, king-size bed, and stunning city views','[''Flat-screen TV'', ''Minibar'', ''Coffee maker'', ''Free Wi-Fi'', ''Bathroom with separate shower and tub'', ''Executive Lounge access'']','229','299','Free cancellation up to 24 hours before arrival',32);
INSERT INTO room_rates VALUES(27,'Suite','Spacious suite with separate living area, king-size bed, and stunning city views','[''Flat-screen TV'', ''Minibar'', ''Coffee maker'', ''Free Wi-Fi'', ''Bathroom with separate shower and tub'', ''Separate living area'']','349','449','Free cancellation up to 48 hours before arrival',32);
INSERT INTO room_rates VALUES(28,'River View Room','Room with stunning river views, king-size bed, and modern amenities','[''Flat-screen TV'', ''Minibar'', ''Coffee maker'', ''Free Wi-Fi'', ''Bathroom with separate shower and tub'', ''River views'']','209','279','Free cancellation up to 24 hours before arrival',32);
INSERT INTO room_rates VALUES(29,'Deluxe Room','Spacious room with one king or two double beds, city or park views, and modern amenities','[''Free Wi-Fi'', ''Flat-screen TV'', ''Minibar'', ''Coffee maker'', ''Work desk'']','189','269','72 hours prior to arrival',26);
INSERT INTO room_rates VALUES(30,'Executive Room','Upgraded room with one king bed, city views, and access to the Executive Lounge','[''Free Wi-Fi'', ''Flat-screen TV'', ''Minibar'', ''Coffee maker'', ''Work desk'', ''Executive Lounge access'']','229','329','72 hours prior to arrival',26);
INSERT INTO room_rates VALUES(31,'Suite','Spacious suite with one king bed, separate living area, and city or park views','[''Free Wi-Fi'', ''Flat-screen TV'', ''Minibar'', ''Coffee maker'', ''Work desk'', ''Separate living area'']','349','449','72 hours prior to arrival',26);
INSERT INTO room_rates VALUES(32,'Park View Room','Room with one king or two double beds, park views, and modern amenities','[''Free Wi-Fi'', ''Flat-screen TV'', ''Minibar'', ''Coffee maker'', ''Work desk'', ''Park views'']','209','299','72 hours prior to arrival',26);
INSERT INTO room_rates VALUES(33,'Deluxe Room','Spacious room with city views, marble bathroom, and plush bedding','[''Flat-screen TV'', ''Minibar'', ''24-hour room service'', ''Free Wi-Fi'']','250','350','48 hours prior to arrival',18);
INSERT INTO room_rates VALUES(34,'Executive Room','Upgraded room with access to Executive Lounge, offering complimentary breakfast and snacks','[''Flat-screen TV'', ''Minibar'', ''24-hour room service'', ''Free Wi-Fi'', ''Executive Lounge access'']','350','450','48 hours prior to arrival',18);
INSERT INTO room_rates VALUES(35,'Suite','Luxurious suite with separate living area, marble bathroom, and stunning city views','[''Flat-screen TV'', ''Minibar'', ''24-hour room service'', ''Free Wi-Fi'', ''Separate living area'']','500','600','72 hours prior to arrival',18);
INSERT INTO room_rates VALUES(36,'River View Suite','Expansive suite with breathtaking river views, marble bathroom, and separate living area','[''Flat-screen TV'', ''Minibar'', ''24-hour room service'', ''Free Wi-Fi'', ''Separate living area'', ''River views'']','700','800','72 hours prior to arrival',18);
INSERT INTO room_rates VALUES(37,'Deluxe Room','Spacious room with a king-size bed and stunning city views','[''Free Wi-Fi'', ''Flat-screen TV'', ''Minibar'', ''Bathroom with separate shower and tub'']','350','550','72 hours prior to arrival',28);
INSERT INTO room_rates VALUES(38,'Executive Suite','Luxurious suite with a separate living area, king-size bed, and breathtaking lake views','[''Free Wi-Fi'', ''Flat-screen TV'', ''Minibar'', ''Bathroom with separate shower and tub'', ''Access to Executive Lounge'']','600','900','72 hours prior to arrival',28);
INSERT INTO room_rates VALUES(39,'Premier Room','Upscale room with a king-size bed, city views, and upgraded amenities','[''Free Wi-Fi'', ''Flat-screen TV'', ''Minibar'', ''Bathroom with separate shower and tub'', ''Turndown service'']','450','700','48 hours prior to arrival',28);
INSERT INTO room_rates VALUES(40,'Four Seasons Suite','Opulent suite with a separate living area, king-size bed, and stunning city views','[''Free Wi-Fi'', ''Flat-screen TV'', ''Minibar'', ''Bathroom with separate shower and tub'', ''Access to Executive Lounge'', ''Personalized butler service'']','1000','1500','7 days prior to arrival',28);
INSERT INTO room_rates VALUES(41,'Standard King Room','Cozy room with 1 king-sized bed, ideal for solo travelers or couples','[''Free WiFi'', ''Flat-screen TV'', ''Coffee maker'', ''Hair dryer'']','89','129','Free cancellation up to 24 hours before arrival',37);
INSERT INTO room_rates VALUES(42,'Deluxe Double Queen Room','Spacious room with 2 queen-sized beds, perfect for families or groups of friends','[''Free WiFi'', ''Flat-screen TV'', ''Coffee maker'', ''Hair dryer'', ''Microwave'']','109','149','Free cancellation up to 24 hours before arrival',37);
INSERT INTO room_rates VALUES(43,'Suite with King Bed and Sofa Bed','Luxurious suite with 1 king-sized bed and 1 sofa bed, ideal for families or business travelers','[''Free WiFi'', ''Flat-screen TV'', ''Coffee maker'', ''Hair dryer'', ''Microwave'', ''Separate living area'']','139','179','Free cancellation up to 48 hours before arrival',37);
INSERT INTO room_rates VALUES(44,'Accessible King Room with Roll-in Shower','Accessible room with 1 king-sized bed and roll-in shower, designed for guests with mobility impairments','[''Free WiFi'', ''Flat-screen TV'', ''Coffee maker'', ''Hair dryer'', ''Wheelchair accessible'']','99','139','Free cancellation up to 24 hours before arrival',37);
INSERT INTO room_rates VALUES(45,'Deluxe Room','Elegant room with king-size bed, marble bathroom, and city views','[''Free Wi-Fi'', ''Flat-screen TV'', ''Minibar'', ''24-hour room service'']','250','400','72 hours prior to arrival',36);
INSERT INTO room_rates VALUES(46,'Grand Deluxe Room','Spacious room with king-size bed, separate living area, and stunning city views','[''Free Wi-Fi'', ''Flat-screen TV'', ''Minibar'', ''24-hour room service'', ''Personalized butler service'']','350','550','72 hours prior to arrival',36);
INSERT INTO room_rates VALUES(47,'Executive Suite','Luxurious suite with king-size bed, separate living room, and panoramic city views','[''Free Wi-Fi'', ''Flat-screen TV'', ''Minibar'', ''24-hour room service'', ''Personalized butler service'', ''Access to Executive Lounge'']','500','700','72 hours prior to arrival',36);
INSERT INTO room_rates VALUES(48,'Peninsula Suite','Opulent suite with king-size bed, separate living room, dining area, and breathtaking city views','[''Free Wi-Fi'', ''Flat-screen TV'', ''Minibar'', ''24-hour room service'', ''Personalized butler service'', ''Access to Executive Lounge'', ''Private check-in and check-out'']','800','1200','72 hours prior to arrival',36);
INSERT INTO room_rates VALUES(49,'Wonderland King','Spacious room with a king-sized bed, modern amenities, and stylish decor','[''Free Wi-Fi'', ''Flat-screen TV'', ''Minibar'', ''Rain showerhead'', ''Luxurious linens'']','129','229','Free cancellation up to 24 hours before arrival',19);
INSERT INTO room_rates VALUES(50,'Wonderland Double Queen','Spacious room with two queen-sized beds, modern amenities, and stylish decor','[''Free Wi-Fi'', ''Flat-screen TV'', ''Minibar'', ''Rain showerhead'', ''Luxurious linens'']','149','279','Free cancellation up to 24 hours before arrival',19);
INSERT INTO room_rates VALUES(51,'Spectacular Suite','Luxurious suite with a king-sized bed, separate living area, and stunning city views','[''Free Wi-Fi'', ''Flat-screen TV'', ''Minibar'', ''Rain showerhead'', ''Luxurious linens'', ''Complimentary breakfast'']','249','399','Free cancellation up to 48 hours before arrival',19);
INSERT INTO room_rates VALUES(52,'Crash Pad','Cozy room with a queen-sized bed, modern amenities, and compact design','[''Free Wi-Fi'', ''Flat-screen TV'', ''Minibar'']','99','179','Free cancellation up to 24 hours before arrival',19);
INSERT INTO room_rates VALUES(53,'Traditional Room','Cozy room with 1 king or 2 double beds, city or river views','[''Free Wi-Fi'', ''Flat-screen TV'', ''Coffee maker'', ''Mini-fridge'']','129','229','48 hours',34);
INSERT INTO room_rates VALUES(54,'Deluxe Room','Spacious room with 1 king or 2 double beds, city or river views, upgraded amenities','[''Free Wi-Fi'', ''Flat-screen TV'', ''Coffee maker'', ''Mini-fridge'', ''Robes'', ''Slippers'']','179','329','48 hours',34);
INSERT INTO room_rates VALUES(55,'Club Level Room','Room with 1 king or 2 double beds, city or river views, access to Club Lounge with free breakfast and snacks','[''Free Wi-Fi'', ''Flat-screen TV'', ''Coffee maker'', ''Mini-fridge'', ''Robes'', ''Slippers'', ''Club Lounge access'']','249','429','72 hours',34);
INSERT INTO room_rates VALUES(56,'Suite','Spacious suite with 1 king bed, separate living area, city or river views','[''Free Wi-Fi'', ''Flat-screen TV'', ''Coffee maker'', ''Mini-fridge'', ''Robes'', ''Slippers'', ''Separate living area'']','399','649','72 hours',34);
INSERT INTO room_rates VALUES(57,'Deluxe Room','Spacious room with a king-size bed, marble bathroom, and stunning city views','[''Flat-screen TV'', ''Minibar'', ''Complimentary Wi-Fi'', ''Luxurious linens'']','250','350','72 hours prior to arrival',29);
INSERT INTO room_rates VALUES(58,'Luxury Suite','Expansive suite with a separate living area, king-size bed, and stunning city views','[''Flat-screen TV'', ''Minibar'', ''Complimentary Wi-Fi'', ''Luxurious linens'', ''Personalized butler service'']','450','600','7 days prior to arrival',29);
INSERT INTO room_rates VALUES(59,'Club Level Room','Upscale room with a king-size bed, marble bathroom, and access to the exclusive Club Lounge','[''Flat-screen TV'', ''Minibar'', ''Complimentary Wi-Fi'', ''Luxurious linens'', ''Continental breakfast'', ''Evening cocktails'']','300','450','48 hours prior to arrival',29);
INSERT INTO room_rates VALUES(60,'Accessible Room','Spacious room with a king-size bed, roll-in shower, and accessible amenities','[''Flat-screen TV'', ''Minibar'', ''Complimentary Wi-Fi'', ''Luxurious linens'', ''Accessible bathroom'']','220','320','72 hours prior to arrival',29);
INSERT INTO room_rates VALUES(61,'Deluxe King','Cozy room with 1 king bed, 300 sqft, city view','[''Free WiFi'', ''Flat-screen TV'', ''Minibar'', ''In-room safe'', ''Fitness center access'']','139','229','72 hours prior to arrival',31);
INSERT INTO room_rates VALUES(62,'Executive Suite','Spacious suite with 1 king bed, 500 sqft, city view, separate living area','[''Free WiFi'', ''Flat-screen TV'', ''Minibar'', ''In-room safe'', ''Fitness center access'', ''Complimentary breakfast'']','249','399','72 hours prior to arrival',31);
INSERT INTO room_rates VALUES(63,'Accessible King','Accessible room with 1 king bed, 300 sqft, city view, roll-in shower','[''Free WiFi'', ''Flat-screen TV'', ''Minibar'', ''In-room safe'', ''Fitness center access'']','129','219','72 hours prior to arrival',31);
INSERT INTO room_rates VALUES(64,'Double Queen','Spacious room with 2 queen beds, 350 sqft, city view','[''Free WiFi'', ''Flat-screen TV'', ''Minibar'', ''In-room safe'', ''Fitness center access'']','169','269','72 hours prior to arrival',31);
DELETE FROM sqlite_sequence;
INSERT INTO sqlite_sequence VALUES('hotels',50);
INSERT INTO sqlite_sequence VALUES('designations',161);
INSERT INTO sqlite_sequence VALUES('room_rates',64);
COMMIT;
